SKU,Product Name
SKU20240409_141947,6Pcs(5IN) I Will Not Comply Bumper Sticker, Vinyl Decal Waterproof, Stickers for Car, Truck, Vehicl, laptop
SKU20240409_141948,6Pcs(5IN) There is Power in The Name of Jesus Bumper Sticker, Vinyl Decal Waterproof, Stickers for Car, Truck, Vehicl, laptop
SKU20240409_141949,6Pcs(5IN) When in Earth's History Did Climate Not Change Bumper Sticker, Vinyl Decal Waterproof, Stickers for Car, Truck, Vehicl, laptop
SKU20240409_141950,6Pcs(5IN) I'm not Losing Hair I'm Getting Head! Bumper Sticker, Vinyl Decal Waterproof, Stickers for Car, Truck, Vehicl, laptop
SKU20240409_141951,6Pcs(5IN) Praise The Lord Bumper Sticker, Vinyl Decal Waterproof, Stickers for Car, Truck, Vehicl, laptop
SKU20240409_141952,6Pcs(5IN) I Don't Care What The Bible Says Bumper Sticker, Vinyl Decal Waterproof, Stickers for Car, Truck, Vehicl, laptop
SKU20240409_141953,6Pcs(5IN) Yes It's Fast No You Can't Ride it Bumper Sticker, Vinyl Decal Waterproof, Stickers for Car, Truck, Vehicl, laptop
SKU20240409_141954,6Pcs(5IN) Watch Out for The Idiot Behind Me Bumper Sticker, Vinyl Decal Waterproof, Stickers for Car, Truck, Vehicl, laptop
SKU20240409_141955,6Pcs(5IN) World's Okayest Photographer Bumper Sticker, Vinyl Decal Waterproof, Stickers for Car, Truck, Vehicl, laptop
SKU20240409_141956,6Pcs(5IN) Here's Looking at You, Kid. Bumper Sticker, Vinyl Decal Waterproof, Stickers for Car, Truck, Vehicl, laptop
SKU20240409_141957,6Pcs(5IN) IF You're NOT Outraged, You're NOT PAYING Attention Bumper Sticker, Vinyl Decal Waterproof, Stickers for Car, Truck, Vehicl, laptop
SKU20240409_141958,6Pcs(5IN) My Brakes are Good How is Your Insurance Bumper Sticker, Vinyl Decal Waterproof, Stickers for Car, Truck, Vehicl, laptop
SKU20240409_141959,6Pcs(5IN) Hold My Beer and Watch This! Bumper Sticker, Vinyl Decal Waterproof, Stickers for Car, Truck, Vehicl, laptop
SKU20240409_142000,6Pcs(5IN) I'm Here Because You Broke Something Bumper Sticker, Vinyl Decal Waterproof, Stickers for Car, Truck, Vehicl, laptop
SKU20240409_142001,6Pcs(5IN) Don't Follow me, I'm Lost! Bumper Sticker, Vinyl Decal Waterproof, Stickers for Car, Truck, Vehicl, laptop
SKU20240409_142002,6Pcs(5IN) No Baby On Board So Please Feel Free to Run Into Me Bumper Sticker, Vinyl Decal Waterproof, Stickers for Car, Truck, Vehicl, laptop
SKU20240409_142003,6Pcs(5IN) Keep honking, I'm Deaf! Bumper Sticker, Vinyl Decal Waterproof, Stickers for Car, Truck, Vehicl, laptop
SKU20240409_142004,6Pcs(5IN) I brake for goth girls Bumper Sticker, Vinyl Decal Waterproof, Stickers for Car, Truck, Vehicl, laptop
